Games,NCAA
Abilene Christian,Abilene Christian
Air Force,Air Force
Akron,Akron
Alabama,Alabama
Alabama A&M,Alabama A&M
Alabama State,Alabama State
Alabama-Birmingham,Alabama-Birmingham
Albany (NY),Albany (N.Y.)
Alcorn State,Alcorn State
American,American
Appalachian State,Appalachian State
Arizona,Arizona
Arizona State,Arizona State
Arkansas,Arkansas
Arkansas State,Arkansas State
Arkansas-Little Rock,Arkansas-Little Rock
Arkansas-Pine Bluff,Arkansas-Pine Bluff
Army,Army
Auburn,Auburn
Austin Peay,Austin Peay
Ball State,Ball State
Baylor,Baylor
Belmont,Belmont
Bethune-Cookman,Bethune-Cookman
Binghamton,Binghamton
Boise State,Boise State
Boston College,Boston College
Boston University,Boston University
Bowling Green State,Bowling Green State
Bradley,Bradley
Brigham Young,Brigham Young
Brown,Brown
Bryant,Bryant
Bucknell,Bucknell
Buffalo,Buffalo
Butler,Butler
Cal Poly,Cal-Poly
Cal State Bakersfield,Cal State Bakersfield
Cal State Fullerton,Cal State Fullerton
Cal State Northridge,Cal State Northridge
Campbell,Campbell
Canisius,Canisius
Centenary (LA),Centenary (LA)
Central Arkansas,Central Arkansas
Central Connecticut State,Central Connecticut State
Central Florida,Central Florida
Central Michigan,Central Michigan
Charleston Southern,Charleston Southern
Charlotte,Charlotte
Chattanooga,Chattanooga
Chicago State,Chicago State
Cincinnati,Cincinnati
Citadel,Citadel
Clemson,Clemson
Cleveland State,Cleveland State
Coastal Carolina,Coastal Carolina
Colgate,Colgate
College of Charleston,College of Charleston
Colorado,Colorado
Colorado State,Colorado State
Columbia,Columbia
Connecticut,Connecticut
Coppin State,Coppin State
Cornell,Cornell
Creighton,Creighton
Dartmouth,Dartmouth
Davidson,Davidson
Dayton,Dayton
Delaware,Delaware
Delaware State,Delaware State
Denver,Denver
DePaul,DePaul
Detroit Mercy,Detroit
Drake,Drake
Drexel,Drexel
Duke,Duke
Duquesne,Duquesne
East Carolina,East Carolina
East Tennessee State,East Tennessee State
Eastern Illinois,Eastern Illinois
Eastern Kentucky,Eastern Kentucky
Eastern Michigan,Eastern Michigan
Eastern Washington,Eastern Washington
Elon,Elon
Evansville,Evansville
Fairfield,Fairfield
Fairleigh Dickinson,Fairleigh Dickinson
Florida,Florida
Florida A&M,Florida A&M
Florida Atlantic,Florida Atlantic
Florida Gulf Coast,Florida Gulf Coast
Florida International,Florida International
Florida State,Florida State
Fordham,Fordham
Fresno State,Fresno State
Furman,Furman
Gardner-Webb,Gardner-Webb
George Mason,George Mason
George Washington,George Washington
Georgetown,Georgetown
Georgia,Georgia
Georgia Southern,Georgia Southern
Georgia State,Georgia State
Georgia Tech,Georgia Tech
Gonzaga,Gonzaga
Grambling,Grambling
Grand Canyon,Grand Canyon
Green Bay,Green Bay
Hampton,Hampton
Hartford,Hartford
Harvard,Harvard
Hawaii,Hawaii
High Point,High Point
Hofstra,Hofstra
Holy Cross,Holy Cross
Houston,Houston
Houston Baptist,Houston Baptist
Howard,Howard
Idaho,Idaho
Idaho State,Idaho State
Illinois,Illinois
Illinois State,Illinois State
Illinois-Chicago,Illinois-Chicago
Incarnate Word,Incarnate Word
Indiana,Indiana
Indiana State,Indiana State
Iona,Iona
Iowa,Iowa
Iowa State,Iowa State
IPFW,IPFW
IUPUI,IUPUI
Jackson State,Jackson State
Jacksonville,Jacksonville
Jacksonville State,Jacksonville State
James Madison,James Madison
Kansas,Kansas
Kansas State,Kansas State
Kennesaw State,Kennesaw State
Kent State,Kent State
Kentucky,Kentucky
La Salle,La Salle
Lafayette,Lafayette
Lamar,Lamar
Lehigh,Lehigh
Liberty,Liberty
Lipscomb,Lipscomb
Long Beach State,Long Beach State
Long Island University,Long Island
Longwood,Longwood
Louisiana State,LSU
Louisiana Tech,Louisiana Tech
Louisiana-Lafayette,Louisiana-Lafayette
Louisiana-Monroe,Louisiana-Monroe
Louisville,Louisville
Loyola (IL),Loyola (Ill.)
Loyola (MD),Loyola (MD)
Loyola Marymount,Loyola Marymount
Maine,Maine
Manhattan,Manhattan
Marist,Marist
Marquette,Marquette
Marshall,Marshall
Maryland,Maryland
Maryland-Baltimore County,Maryland-Baltimore County
Maryland-Eastern Shore,Maryland-Eastern Shore
Massachusetts,Massachusetts
Massachusetts-Lowell,Massachusetts-Lowell
McNeese State,McNeese State
Memphis,Memphis
Mercer,Mercer
Miami (FL),Miami (Fla.)
Miami (OH),Miami (Ohio)
Michigan,Michigan
Michigan State,Michigan State
Middle Tennessee,Middle Tennessee State
Milwaukee,Milwaukee
Minnesota,Minnesota
Mississippi,Mississippi
Mississippi State,Mississippi State
Mississippi Valley State,Mississippi Valley State
Missouri,Missouri
Missouri State,Missouri State
Missouri-Kansas City,Missouri-Kansas City
Monmouth,Monmouth
Montana,Montana
Montana State,Montana State
Morehead State,Morehead State
Morgan State,Morgan State
Mount St. Mary's,Mount St. Mary's
Murray State,Murray St.
Navy,Navy
Nebraska,Nebraska
Nebraska-Omaha,Nebraska-Omaha
Nevada,Nevada
Nevada-Las Vegas,UNLV
New Hampshire,New Hampshire
New Mexico,New Mexico
New Mexico State,New Mexico State
New Orleans,New Orleans
Niagara,Niagara
Nicholls State,Nicholls State
NJIT,NJIT
Norfolk State,Norfolk State
North Carolina,North Carolina
North Carolina A&T,North Carolina A&T
North Carolina Central,North Carolina Central
North Carolina State,North Carolina State
North Carolina-Asheville,UNC Asheville
North Carolina-Greensboro,North Carolina-Greensboro
North Carolina-Wilmington,UNC Wilmington
North Dakota,North Dakota
North Dakota State,North Dakota State
North Florida,North Florida
North Texas,North Texas
Northeastern,Northeastern
Northern Arizona,Northern Arizona
Northern Colorado,Northern Colorado
Northern Illinois,Northern Illinois
Northern Iowa,Northern Iowa
Northern Kentucky,Northern Kentucky
Northwestern,Northwestern
Northwestern State,Northwestern State
Notre Dame,Notre Dame
Oakland,Oakland
Ohio,Ohio
Ohio State,Ohio State
Oklahoma,Oklahoma
Oklahoma State,Oklahoma State
Old Dominion,Old Dominion
Oral Roberts,Oral Roberts
Oregon,Oregon
Oregon State,Oregon State
Pacific,Pacific
Penn State,Penn State
Pennsylvania,Penn
Pepperdine,Pepperdine
Pittsburgh,Pittsburgh
Portland,Portland
Portland State,Portland State
Prairie View,Prairie View
Presbyterian,Presbyterian
Princeton,Princeton
Providence,Providence
Purdue,Purdue
Quinnipiac,Quinnipiac
Radford,Radford
Rhode Island,Rhode Island
Rice,Rice
Richmond,Richmond
Rider,Rider
Robert Morris,Robert Morris
Rutgers,Rutgers
Sacramento State,Sacramento State
Sacred Heart,Sacred Heart
Saint Francis (PA),Saint Francis (PA)
Saint Joseph's,St. Joseph's
Saint Louis,St. Louis
Saint Mary's (CA),St. Mary's (Cal.)
Saint Peter's,Saint Peter's
Sam Houston State,Sam Houston State
Samford,Samford
San Diego,San Diego
San Diego State,San Diego State
San Francisco,San Francisco
San Jose State,San Jose State
Santa Clara,Santa Clara
Savannah State,Savannah State
Seattle,Seattle
Seton Hall,Seton Hall
Siena,Siena
South Alabama,South Alabama
South Carolina,South Carolina
South Carolina State,South Carolina State
South Carolina Upstate,South Carolina Upstate
South Dakota,South Dakota
South Dakota State,South Dakota State
South Florida,South Florida
Southeast Missouri State,Southeast Missouri State
Southeastern Louisiana,Southeastern Louisiana
Southern,Southern
Southern California,Southern California
Southern Illinois,Southern Illinois
Southern Illinois-Edwardsville,Southern Illinois-Edwardsville
Southern Methodist,Southern Methodist
Southern Mississippi,Southern Mississippi
Southern Utah,Southern Utah
St. Bonaventure,St. Bonaventure
St. Francis (NY),St. Francis (NY)
St. John's (NY),St. John's
Stanford,Stanford
Stephen F. Austin,Stephen F. Austin
Stetson,Stetson
Stony Brook,Stony Brook
Syracuse,Syracuse
Temple,Temple
Tennessee,Tennessee
Tennessee State,Tennessee State
Tennessee Tech,Tennessee Tech
Tennessee-Martin,Tennessee-Martin
Texas,Texas
Texas A&M,Texas A&M
Texas A&M-Corpus Christi,Texas A&M-Corpus Christi
Texas Christian,TCU
Texas Southern,Texas Southern
Texas State,Texas State
Texas Tech,Texas Tech
Texas-Arlington,Texas-Arlington
Texas-El Paso,UTEP
Texas-Rio Grande Valley,Texas-Rio Grande Valley
Texas-San Antonio,Texas-San Antonio
Toledo,Toledo
Towson,Towson
Troy,Troy
Tulane,Tulane
Tulsa,Tulsa
UC-Davis,UC-Davis
UC-Irvine,UC-Irvine
UC-Riverside,UC-Riverside
UC-Santa Barbara,UC-Santa Barbara
UCLA,UCLA
University of California,California
Utah,Utah
Utah State,Utah State
Utah Valley,Utah Valley
Valparaiso,Valparaiso
Vanderbilt,Vanderbilt
Vermont,Vermont
Villanova,Villanova
Virginia,Virginia
Virginia Commonwealth,Virginia Commonwealth
Virginia Military Institute,Virginia Military Institute
Virginia Tech,Virginia Tech
Wagner,Wagner
Wake Forest,Wake Forest
Washington,Washington
Washington State,Washington State
Weber State,Weber State
West Virginia,West Virginia
Western Carolina,Western Carolina
Western Illinois,Western Illinois
Western Kentucky,Western Kentucky
Western Michigan,Western Michigan
Wichita State,Wichita State
William & Mary,William & Mary
Winthrop,Winthrop
Winthrop,1throp
Wisconsin,Wisconsin
Wofford,Wofford
Wright State,Wright State
Wyoming,Wyoming
Xavier,Xavier
Yale,Yale
Youngstown State,Youngstown State